{
  "src": [
    "/assets/audio/dialog.mp3"
  ],
  "sprite": {
    "demoiselles_1": [
      0,
      5093.877551020408
    ],
    "demoiselles_2": [
      7000,
      1854.6938775510214
    ],
    "demoiselles_3": [
      10000,
      7680
    ],
    "demoiselles_4": [
      19000,
      4101.224489795918
    ],
    "demoiselles_5": [
      25000,
      3918.3673469387763
    ],
    "demoiselles_6": [
      30000,
      6687.346938775512
    ],
    "durance_1": [
      38000,
      4048.9795918367336
    ],
    "durance_2": [
      44000,
      5929.7959183673465
    ],
    "esprit_1": [
      51000,
      3030.204081632654
    ],
    "esprit_10": [
      56000,
      1175.5102040816325
    ],
    "esprit_11": [
      59000,
      6347.755102040821
    ],
    "esprit_12": [
      67000,
      11023.673469387759
    ],
    "esprit_2": [
      80000,
      5093.877551020412
    ],
    "esprit_3": [
      87000,
      6217.1428571428605
    ],
    "esprit_4": [
      95000,
      5485.714285714281
    ],
    "esprit_5": [
      102000,
      5929.7959183673465
    ],
    "esprit_6": [
      109000,
      2768.9795918367395
    ],
    "esprit_7": [
      113000,
      2351.020408163265
    ],
    "esprit_8": [
      117000,
      9482.448979591836
    ],
    "esprit_9": [
      128000,
      7418.775510204086
    ],
    "grandma_1": [
      137000,
      4884.897959183661
    ],
    "grandma_10": [
      143000,
      8463.673469387742
    ],
    "grandma_11": [
      153000,
      2011.4285714285813
    ],
    "grandma_12": [
      157000,
      3395.918367346951
    ],
    "grandma_13": [
      162000,
      12826.12244897959
    ],
    "grandma_14": [
      176000,
      12408.163265306115
    ],
    "grandma_15": [
      190000,
      6112.653061224478
    ],
    "grandma_16": [
      198000,
      12564.897959183669
    ],
    "grandma_17": [
      212000,
      13897.142857142853
    ],
    "grandma_18": [
      227000,
      11493.877551020403
    ],
    "grandma_19": [
      240000,
      7026.938775510217
    ],
    "grandma_2": [
      249000,
      2560.0000000000023
    ],
    "grandma_20": [
      253000,
      8176.326530612243
    ],
    "grandma_21": [
      263000,
      7680.000000000007
    ],
    "grandma_3": [
      272000,
      7993.469387755113
    ],
    "grandma_4": [
      281000,
      8254.693877551006
    ],
    "grandma_5": [
      291000,
      8411.428571428587
    ],
    "grandma_6": [
      301000,
      6295.510204081609
    ],
    "grandma_7": [
      309000,
      6817.959183673452
    ],
    "grandma_8": [
      317000,
      5015.510204081636
    ],
    "grandma_9": [
      324000,
      6217.142857142846
    ],
    "milo_1": [
      332000,
      5616.326530612241
    ],
    "milo_2": [
      339000,
      2063.6734693877656
    ],
    "milo_hmm": [
      343000,
      1959.183673469397
    ],
    "milo_oh": [
      346000,
      1724.0816326530535
    ],
    "milo_souffle": [
      349000,
      1149.3877551020546
    ],
    "milo_wouhou": [
      352000,
      2324.8979591836587
    ],
    "milo_yahou": [
      356000,
      2142.040816326528
    ],
    "milo_yess": [
      360000,
      1018.7755102040796
    ]
  }
}