{
  "src": [
    "/assets/audio/dialog.mp3"
  ],
  "sprite": {
    "demoiselles_1": [
      0,
      5093.877551020408
    ],
    "demoiselles_2": [
      7000,
      1854.6938775510214
    ],
    "demoiselles_3": [
      10000,
      7680
    ],
    "demoiselles_4": [
      19000,
      4101.224489795918
    ],
    "demoiselles_5": [
      25000,
      3918.3673469387763
    ],
    "demoiselles_6": [
      30000,
      6687.346938775512
    ],
    "durance_1": [
      38000,
      4048.9795918367336
    ],
    "durance_2": [
      44000,
      5929.7959183673465
    ],
    "esprit_1": [
      51000,
      3030.204081632654
    ],
    "esprit_10": [
      56000,
      1175.5102040816325
    ],
    "esprit_11": [
      59000,
      6347.755102040821
    ],
    "esprit_12": [
      67000,
      11023.673469387759
    ],
    "esprit_13": [
      80000,
      1593.469387755107
    ],
    "esprit_2": [
      83000,
      5093.877551020412
    ],
    "esprit_3": [
      90000,
      6217.1428571428605
    ],
    "esprit_4": [
      98000,
      5485.714285714281
    ],
    "esprit_5": [
      105000,
      5929.7959183673465
    ],
    "esprit_6": [
      112000,
      2768.9795918367395
    ],
    "esprit_7": [
      116000,
      2351.020408163265
    ],
    "esprit_8": [
      120000,
      9482.448979591823
    ],
    "esprit_9": [
      131000,
      7418.775510204086
    ],
    "grandma_10_11": [
      140000,
      10501.22448979593
    ],
    "grandma_12": [
      152000,
      3395.918367346951
    ],
    "grandma_13": [
      157000,
      12826.12244897959
    ],
    "grandma_14": [
      171000,
      12408.163265306115
    ],
    "grandma_15": [
      185000,
      6112.653061224478
    ],
    "grandma_16": [
      193000,
      12564.897959183669
    ],
    "grandma_17": [
      207000,
      13897.142857142853
    ],
    "grandma_18": [
      222000,
      11493.877551020403
    ],
    "grandma_19": [
      235000,
      7026.938775510217
    ],
    "grandma_1_2": [
      244000,
      7523.265306122454
    ],
    "grandma_20": [
      253000,
      8176.326530612243
    ],
    "grandma_21": [
      263000,
      7680.000000000007
    ],
    "grandma_3": [
      272000,
      7993.469387755113
    ],
    "grandma_4": [
      281000,
      8254.693877551006
    ],
    "grandma_5_6": [
      291000,
      14733.061224489802
    ],
    "grandma_7_8": [
      307000,
      11859.591836734693
    ],
    "grandma_9": [
      320000,
      6217.142857142846
    ],
    "milo_1": [
      328000,
      5616.326530612241
    ],
    "milo_2": [
      335000,
      2063.6734693877656
    ],
    "milo_hmm": [
      339000,
      1959.183673469397
    ],
    "milo_oh": [
      342000,
      1724.0816326530535
    ],
    "milo_souffle": [
      345000,
      1149.3877551020546
    ],
    "milo_wouhou": [
      348000,
      2324.8979591836587
    ],
    "milo_yahou": [
      352000,
      2142.040816326528
    ],
    "milo_yess": [
      356000,
      1018.7755102040796
    ]
  }
}