{
  "src": [
    "/assets/audio/dialog.mp3"
  ],
  "sprite": {
    "demoiselles_1": [
      0,
      5093.877551020408
    ],
    "demoiselles_2": [
      7000,
      1854.6938775510214
    ],
    "demoiselles_3": [
      10000,
      7680
    ],
    "demoiselles_4": [
      19000,
      4101.224489795918
    ],
    "demoiselles_5": [
      25000,
      3918.3673469387763
    ],
    "demoiselles_6": [
      30000,
      6687.346938775512
    ],
    "durance_1": [
      38000,
      4048.9795918367336
    ],
    "durance_2": [
      44000,
      5929.7959183673465
    ],
    "esprit_1": [
      51000,
      4545.3061224489775
    ],
    "esprit_10": [
      57000,
      2847.346938775509
    ],
    "esprit_11": [
      61000,
      7784.489795918361
    ],
    "esprit_12": [
      70000,
      12799.999999999996
    ],
    "esprit_13": [
      84000,
      3134.6938775510152
    ],
    "esprit_2": [
      89000,
      6687.346938775505
    ],
    "esprit_3": [
      97000,
      7758.367346938769
    ],
    "esprit_4": [
      106000,
      7340.408163265309
    ],
    "esprit_5": [
      115000,
      7523.265306122454
    ],
    "esprit_6": [
      124000,
      4597.551020408162
    ],
    "esprit_7": [
      130000,
      4310.204081632663
    ],
    "esprit_8": [
      136000,
      11075.918367346929
    ],
    "esprit_9": [
      149000,
      9195.102040816324
    ],
    "grandma_10_11": [
      160000,
      10501.22448979593
    ],
    "grandma_12": [
      172000,
      3395.918367346951
    ],
    "grandma_13": [
      177000,
      12826.12244897959
    ],
    "grandma_14": [
      191000,
      12408.163265306115
    ],
    "grandma_15": [
      205000,
      6112.653061224478
    ],
    "grandma_16": [
      213000,
      12564.897959183669
    ],
    "grandma_17": [
      227000,
      13897.142857142853
    ],
    "grandma_18": [
      242000,
      11493.877551020403
    ],
    "grandma_19": [
      255000,
      7026.938775510189
    ],
    "grandma_1_2": [
      264000,
      7523.2653061224255
    ],
    "grandma_20": [
      273000,
      8176.326530612243
    ],
    "grandma_21": [
      283000,
      7680.000000000007
    ],
    "grandma_3": [
      292000,
      7993.469387755113
    ],
    "grandma_4": [
      301000,
      8254.693877551006
    ],
    "grandma_5_6": [
      311000,
      14733.061224489802
    ],
    "grandma_7_8": [
      327000,
      11859.591836734693
    ],
    "grandma_9": [
      340000,
      6217.142857142846
    ],
    "milo_1": [
      348000,
      5616.326530612241
    ],
    "milo_2": [
      355000,
      2063.6734693877656
    ],
    "milo_hmm": [
      359000,
      1959.183673469397
    ],
    "milo_oh": [
      362000,
      1724.0816326530535
    ],
    "milo_souffle": [
      365000,
      1149.3877551020546
    ],
    "milo_wouhou": [
      368000,
      2324.8979591836587
    ],
    "milo_yahou": [
      372000,
      2142.040816326528
    ],
    "milo_yess": [
      376000,
      1018.7755102040796
    ]
  }
}