{
  "src": [
    "/assets/audio/dialog.mp3"
  ],
  "sprite": {
    "demoiselles_1": [
      0,
      5040
    ],
    "demoiselles_2": [
      7000,
      1800.0000000000007
    ],
    "demoiselles_3": [
      10000,
      7608.004535147395
    ],
    "demoiselles_4": [
      19000,
      4032.018140589571
    ],
    "demoiselles_5": [
      25000,
      3864.0136054421782
    ],
    "demoiselles_6": [
      30000,
      6624.01360544218
    ],
    "durance_1": [
      38000,
      3984.013605442179
    ],
    "durance_2": [
      43000,
      5880.000000000003
    ],
    "esprit_1": [
      50000,
      2975.9863945578218
    ],
    "esprit_10": [
      54000,
      1104.0136054421764
    ],
    "esprit_11": [
      57000,
      6288.004535147394
    ],
    "esprit_12": [
      65000,
      10968.004535147387
    ],
    "esprit_2": [
      77000,
      5112.018140589569
    ],
    "esprit_3": [
      84000,
      6144.013605442183
    ],
    "esprit_4": [
      92000,
      5424.013605442184
    ],
    "esprit_5": [
      99000,
      5855.986394557817
    ],
    "esprit_6": [
      106000,
      2712.0181405895637
    ],
    "esprit_7": [
      110000,
      2280.000000000001
    ],
    "esprit_8": [
      114000,
      9432.018140589576
    ],
    "esprit_9": [
      125000,
      7368.004535147406
    ],
    "grandma_1": [
      134000,
      4824.013605442189
    ],
    "grandma_10": [
      140000,
      8400.000000000005
    ],
    "grandma_11": [
      150000,
      1944.0136054421657
    ],
    "grandma_12": [
      153000,
      3335.9863945578354
    ],
    "grandma_13": [
      158000,
      12768.004535147384
    ],
    "grandma_14": [
      172000,
      12360.000000000015
    ],
    "grandma_15": [
      186000,
      6048.004535147385
    ],
    "grandma_16": [
      194000,
      12504.013605442167
    ],
    "grandma_17": [
      208000,
      13824.01360544219
    ],
    "grandma_18": [
      223000,
      11424.013605442184
    ],
    "grandma_19": [
      236000,
      6960.000000000008
    ],
    "grandma_2": [
      244000,
      2495.9863945578318
    ],
    "grandma_20": [
      248000,
      8112.018140589555
    ],
    "grandma_21": [
      258000,
      7608.0045351474155
    ],
    "grandma_3": [
      267000,
      7944.013605442195
    ],
    "grandma_4": [
      276000,
      8184.013605442204
    ],
    "grandma_5": [
      286000,
      8352.018140589564
    ],
    "grandma_6": [
      296000,
      6240.000000000009
    ],
    "grandma_7": [
      304000,
      6768.004535147384
    ],
    "grandma_8": [
      312000,
      4944.013605442195
    ],
    "grandma_9": [
      318000,
      6144.013605442183
    ],
    "milo_1": [
      326000,
      5826.235827664391
    ],
    "milo_2": [
      333000,
      2972.585034013605
    ],
    "milo_hmm": [
      337000,
      1842.993197278929
    ],
    "milo_oh": [
      340000,
      1605.192743764178
    ],
    "milo_souffle": [
      343000,
      1010.680272108857
    ],
    "milo_wouhou": [
      346000,
      2199.727891156442
    ],
    "milo_yahou": [
      350000,
      2021.360544217714
    ],
    "milo_yess": [
      354000,
      891.7913832199815
    ]
  }
}