{
  "src": [
    "/assets/audio/ui.mp3"
  ],
  "sprite": {
    "back": [
      0,
      1252.3356009070294
    ],
    "click": [
      3000,
      853.4240362811794
    ],
    "intro_2": [
      5000,
      5774.69387755102
    ],
    "intro_4": [
      12000,
      6037.052154195009
    ],
    "intro_5": [
      20000,
      7660.408163265306
    ],
    "intro_6": [
      29000,
      10934.829931972785
    ],
    "magic_action_1": [
      41000,
      1684.8979591836724
    ],
    "magic_action_2": [
      44000,
      1223.9909297052166
    ],
    "magic_popup_1": [
      47000,
      3474.5578231292525
    ],
    "magic_popup_2": [
      52000,
      2426.167800453513
    ],
    "magic_popup_3": [
      56000,
      2426.167800453513
    ],
    "texture_opening": [
      60000,
      5140.340136054419
    ],
    "unlocking_texture": [
      67000,
      5164.353741496598
    ],
    "warning_appear": [
      74000,
      2489.1609977324265
    ]
  }
}