{
  "src": [
    "/assets/audio/ui.mp3"
  ],
  "sprite": {
    "back": [
      0,
      1252.3356009070294
    ],
    "click": [
      3000,
      853.4240362811794
    ],
    "fireworks_1": [
      5000,
      2168.59410430839
    ],
    "fireworks_2": [
      9000,
      2789.977324263038
    ],
    "fireworks_3": [
      13000,
      2168.59410430839
    ],
    "hat_1": [
      17000,
      3474.5578231292525
    ],
    "hat_2": [
      22000,
      2909.1156462585027
    ],
    "hat_3": [
      26000,
      2494.4444444444434
    ],
    "intro_2": [
      30000,
      5774.693877551023
    ],
    "intro_3": [
      37000,
      6037.052154195009
    ],
    "intro_4": [
      45000,
      6037.052154195009
    ],
    "intro_5": [
      53000,
      7660.408163265309
    ],
    "intro_6": [
      62000,
      10934.829931972785
    ],
    "intro_7": [
      74000,
      5774.693877551016
    ],
    "jump_rock": [
      81000,
      623.8548752834419
    ],
    "magic_action_1": [
      83000,
      1684.8979591836724
    ],
    "magic_action_2": [
      86000,
      1223.9909297052095
    ],
    "magic_cairn": [
      89000,
      15262.60770975057
    ],
    "magic_popup_1": [
      106000,
      3474.5578231292457
    ],
    "magic_popup_2": [
      111000,
      2426.167800453513
    ],
    "magic_popup_3": [
      115000,
      2426.167800453513
    ],
    "texture_opening": [
      119000,
      5140.340136054419
    ],
    "torch": [
      126000,
      2385.2154195011226
    ],
    "unlocking_texture": [
      130000,
      5164.353741496598
    ],
    "warning_appear": [
      137000,
      2489.1609977324265
    ],
    "wave_appear": [
      141000,
      5232.154195011333
    ]
  }
}