{
  "src": [
    "/assets/audio/ui.mp3"
  ],
  "sprite": {
    "back": [
      0,
      1252.3356009070294
    ],
    "click": [
      3000,
      853.4240362811794
    ],
    "magic_action_1": [
      5000,
      1684.8979591836733
    ],
    "magic_action_2": [
      8000,
      1223.9909297052147
    ],
    "magic_popup_1": [
      11000,
      3474.5578231292525
    ],
    "magic_popup_2": [
      16000,
      2426.167800453513
    ],
    "magic_popup_3": [
      20000,
      2426.167800453513
    ],
    "texture_opening": [
      24000,
      5140.340136054423
    ],
    "unlocking_texture": [
      31000,
      5164.353741496598
    ],
    "warning_appear": [
      38000,
      2489.1609977324265
    ]
  }
}